28,079,004,01,38,02,2022,05,17,2,V,2,V,2,V,2,V,2,V,2,V,2,V,3,V,3,V,3,V,3,N,2,V,2,V,2,V,2,V,2,V,2,V,0,N,0,N,0,N,0,N,0,N,0,N,0,N
28,079,004,06,48,02,2022,05,17,0.2,V,0.2,V,0.2,V,0.2,V,0.2,V,0.2,V,0.2,V,0.3,V,0.4,V,0.3,V,0.3,N,0.2,V,0.2,V,0.2,V,0.2,V,0.2,V,0.2,V,0,N,0,N,0,N,0,N,0,N,0,N,0,N
28,079,004,07,08,02,2022,05,17,1,V,1,V,1,V,3,V,2,V,2,V,6,V,33,V,49,V,20,V,21,N,5,V,5,V,3,V,2,V,2,V,2,V,0,N,0,N,0,N,0,N,0,N,0,N,0,N
28,079,004,08,08,02,2022,05,17,15,V,26,V,18,V,36,V,27,V,23,V,26,V,36,V,43,V,44,V,42,N,12,V,13,V,9,V,8,V,7,V,6,V,0,N,0,N,0,N,0,N,0,N,0,N,0,N
28,079,004,12,08,02,2022,05,17,17,V,28,V,20,V,41,V,30,V,26,V,35,V,86,V,118,V,74,V,74,N,20,V,21,V,14,V,11,V,11,V,9,V,0,N,0,N,0,N,0,N,0,N,0,N,0,N
28,079,008,01,38,02,2022,05,17,5,V,5,V,5,V,5,V,5,V,5,V,5,V,5,V,5,V,5,V,4,V,4,V,5,N,5,V,5,V,5,V,5,V,0,N,0,N,0,N,0,N,0,N,0,N,0,N
28,079,008,06,48,02,2022,05,17,0.2,V,0.2,V,0.2,V,0.2,V,0.2,V,0.2,V,0.2,V,0.3,V,0.3,V,0.3,V,0.3,V,0.2,V,0.3,M,0.2,V,0.2,V,0.2,V,0.2,V,0,N,0,N,0,N,0,N,0,N,0,N,0,N
28,079,008,07,08,02,2022,05,17,3,V,3,V,4,V,2,V,2,V,5,V,6,V,16,V,18,V,26,V,26,V,14,V,13,N,9,V,9,V,9,V,7,V,0,N,0,N,0,N,0,N,0,N,0,N,0,N
28,079,008,08,08,02,2022,05,17,20,V,19,V,17,V,10,V,20,V,44,V,40,V,46,V,42,V,44,V,45,V,26,V,27,N,22,V,21,V,20,V,18,V,0,N,0,N,0,N,0,N,0,N,0,N,0,N
28,079,008,09,47,02,2022,05,17,3,V,3,V,5,V,1,V,3,V,7,V,5,V,1,V,4,V,10,V,10,V,12,V,8,V,10,V,4,V,3,V,4,V,0,N,0,N,0,N,0,N,0,N,0,N,0,N
28,079,008,10,47,02,2022,05,17,7,V,9,V,12,V,3,V,5,V,11,V,7,V,8,V,15,V,19,V,23,V,24,V,16,V,25,V,7,V,5,V,6,V,0,N,0,N,0,N,0,N,0,N,0,N,0,N
28,079,008,12,08,02,2022,05,17,25,V,23,V,23,V,14,V,23,V,51,V,50,V,71,V,70,V,83,V,84,V,48,V,47,N,37,V,36,V,33,V,29,V,0,N,0,N,0,N,0,N,0,N,0,N,0,N
28,079,008,14,06,02,2022,05,17,49,V,51,V,47,V,52,V,38,V,12,V,13,V,14,V,23,V,27,V,32,V,50,V,23,N,60,V,72,V,75,V,72,V,0,N,0,N,0,N,0,N,0,N,0,N,0,N
28,079,008,20,59,02,2022,05,17,0.8,V,0.4,V,0.1,V,0.1,V,0.1,V,0.2,V,0.1,V,0.1,V,0.1,V,0.1,V,0.1,V,0.1,V,0.4,V,1.5,V,1.2,V,0.9,V,0.9,V,0,N,0,N,0,N,0,N,0,N,0,N,0,N
28,079,008,22,00,02,2022,05,17,1,V,1,V,1,V,0,V,1,V,1,V,2,V,2,V,2,V,3,V,3,V,1,V,2,V,1,V,1,V,1,V,1,V,0,N,0,N,0,N,0,N,0,N,0,N,0,N
28,079,008,30,59,02,2022,05,17,0.1,V,0.1,V,0.1,V,0.1,V,0.1,V,0.1,V,0.1,V,0.1,V,0.1,V,0.1,V,0.1,V,0.1,V,0.1,V,0.1,V,0.1,V,0.1,V,0.1,V,0,N,0,N,0,N,0,N,0,N,0,N,0,N
28,079,008,35,59,02,2022,05,17,0.2,V,0.5,V,0.3,V,0.1,V,0.1,V,0.2,V,0.6,V,0.8,V,0.3,V,0.1,V,0.1,V,0.1,V,0.1,V,0.2,V,0.3,V,0.2,V,0.2,V,0,N,0,N,0,N,0,N,0,N,0,N,0,N
28,079,008,45,00,02,2022,05,17,1,V,1,V,1,V,0,V,1,V,2,V,2,V,3,V,2,V,3,V,4,V,2,V,2,V,1,V,1,V,1,V,1,V,0,N,0,N,0,N,0,N,0,N,0,N,0,N
28,079,011,07,08,02,2022,05,17,1,V,2,V,1,V,1,V,1,V,1,V,3,V,11,V,14,V,20,V,18,V,9,V,8,V,8,V,5,V,6,V,11,V,0,N,0,N,0,N,0,N,0,N,0,N,0,N
28,079,011,08,08,02,2022,05,17,16,V,12,V,9,V,13,V,21,V,32,V,47,V,44,V,41,V,44,V,41,V,22,V,19,V,20,V,17,V,19,V,28,V,0,N,0,N,0,N,0,N,0,N,0,N,0,N
28,079,011,12,08,02,2022,05,17,18,V,16,V,11,V,14,V,23,V,33,V,51,V,61,V,62,V,75,V,69,V,35,V,31,V,32,V,25,V,27,V,44,V,0,N,0,N,0,N,0,N,0,N,0,N,0,N
28,079,011,20,59,02,2022,05,17,1.6,V,0.8,V,0.6,V,0.6,V,0.9,V,2,V,2.1,V,2.4,V,1.8,V,2.4,V,2.9,V,1.8,V,1.2,V,1.1,V,1.4,V,1.2,V,1.4,V,0,N,0,N,0,N,0,N,0,N,0,N,0,N
28,079,011,30,59,02,2022,05,17,0.1,V,0.1,V,0.1,V,0.1,V,0.1,V,0.2,V,0.2,V,0.2,V,0.3,V,0.5,V,0.4,V,0.2,V,0.1,V,0.1,V,0.3,V,0.3,V,0.3,V,0,N,0,N,0,N,0,N,0,N,0,N,0,N
28,079,011,35,59,02,2022,05,17,0.2,V,0.1,V,0.1,V,0.1,V,0.2,V,0.3,V,0.3,V,0.4,V,0.3,V,0.4,V,0.4,V,0.3,V,0.2,V,0.2,V,0.2,V,0.1,V,0.2,V,0,N,0,N,0,N,0,N,0,N,0,N,0,N
28,079,016,07,08,02,2022,05,17,1,V,1,V,1,V,1,V,1,V,1,V,1,V,11,V,13,V,15,V,14,V,6,V,3,V,3,V,3,V,3,V,3,V,0,N,0,N,0,N,0,N,0,N,0,N,0,N
28,079,016,08,08,02,2022,05,17,23,V,15,V,12,V,23,V,40,V,26,V,32,V,44,V,41,V,42,V,40,V,19,V,12,V,11,V,12,V,11,V,14,V,0,N,0,N,0,N,0,N,0,N,0,N,0,N
28,079,016,12,08,02,2022,05,17,24,V,16,V,13,V,25,V,41,V,27,V,33,V,60,V,61,V,66,V,61,V,28,V,16,V,15,V,16,V,15,V,18,V,0,N,0,N,0,N,0,N,0,N,0,N,0,N
28,079,016,14,06,02,2022,05,17,47,V,54,V,54,V,37,V,18,V,25,V,19,V,12,V,25,V,28,V,33,V,52,V,64,V,70,V,78,V,81,V,77,V,0,N,0,N,0,N,0,N,0,N,0,N,0,N
28,079,017,07,08,02,2022,05,17,2,V,3,V,3,V,4,V,11,V,16,V,19,V,55,V,51,V,31,V,7,V,4,V,5,V,5,V,4,V,4,V,5,V,0,N,0,N,0,N,0,N,0,N,0,N,0,N
28,079,017,08,08,02,2022,05,17,28,V,40,V,40,V,42,V,49,V,52,V,58,V,66,V,70,V,59,V,27,V,13,V,12,V,12,V,12,V,12,V,15,V,0,N,0,N,0,N,0,N,0,N,0,N,0,N
28,079,017,12,08,02,2022,05,17,31,V,44,V,45,V,48,V,66,V,77,V,87,V,151,V,148,V,106,V,37,V,20,V,20,V,19,V,18,V,19,V,23,V,0,N,0,N,0,N,0,N,0,N,0,N,0,N
28,079,017,14,06,02,2022,05,17,43,V,26,V,22,V,15,V,9,V,6,V,7,V,5,V,8,V,23,V,51,V,63,V,66,V,72,V,81,V,83,V,76,V,0,N,0,N,0,N,0,N,0,N,0,N,0,N
28,079,018,07,08,02,2022,05,17,1,V,1,V,2,V,2,V,1,V,2,V,3,V,13,V,25,V,24,V,7,V,2,V,1,V,1,V,1,V,1,V,1,V,0,N,0,N,0,N,0,N,0,N,0,N,0,N
28,079,018,08,08,02,2022,05,17,23,V,25,V,11,V,31,V,24,V,25,V,28,V,36,V,40,V,44,V,23,V,12,V,10,V,11,V,10,V,8,V,10,V,0,N,0,N,0,N,0,N,0,N,0,N,0,N
28,079,018,10,47,02,2022,05,17,18,V,20,V,18,V,25,V,40,V,34,V,35,V,23,V,47,V,63,V,63,V,80,V,22,V,1,V,1,V,2,V,10,V,0,N,0,N,0,N,0,N,0,N,0,N,0,N
28,079,018,12,08,02,2022,05,17,25,V,27,V,14,V,33,V,26,V,29,V,33,V,55,V,78,V,82,V,33,V,14,V,12,V,13,V,13,V,10,V,12,V,0,N,0,N,0,N,0,N,0,N,0,N,0,N
28,079,018,14,06,02,2022,05,17,47,V,42,V,51,V,17,V,16,V,11,V,13,V,6,V,9,V,18,V,42,V,54,V,61,V,73,V,79,V,77,V,72,V,0,N,0,N,0,N,0,N,0,N,0,N,0,N
28,079,018,20,59,02,2022,05,17,0.7,V,1.5,V,0.7,V,1.1,V,1.9,V,1,V,1.1,V,1.3,V,2.2,V,2.1,V,2.1,V,1,V,0.6,V,0.7,V,0.6,V,0.4,V,0.3,V,0,N,0,N,0,N,0,N,0,N,0,N,0,N
28,079,018,30,59,02,2022,05,17,0.1,V,0.2,V,0.1,V,0.2,V,0.2,V,0.1,V,0.1,V,0.1,V,0.3,V,0.3,V,0.2,V,0.1,V,0.1,V,0.1,V,0.1,V,0.1,V,0.1,V,0,N,0,N,0,N,0,N,0,N,0,N,0,N
28,079,018,35,59,02,2022,05,17,0.1,V,0.2,V,0.1,V,0.2,V,0.3,V,0.1,V,0.1,V,0.2,V,0.3,V,0.3,V,0.3,V,0.2,V,0.1,V,0.1,V,0.1,V,0.1,V,0.1,V,0,N,0,N,0,N,0,N,0,N,0,N,0,N
28,079,024,07,08,02,2022,05,17,1,V,1,V,1,V,1,V,1,V,1,V,1,V,1,V,10,V,7,V,2,V,1,V,1,V,1,V,1,V,1,V,1,V,0,N,0,N,0,N,0,N,0,N,0,N,0,N
28,079,024,08,08,02,2022,05,17,8,V,9,V,5,V,12,V,10,V,9,V,8,V,13,V,19,V,19,V,8,V,3,V,2,V,1,V,2,V,1,V,1,V,0,N,0,N,0,N,0,N,0,N,0,N,0,N
28,079,024,09,47,02,2022,05,17,4,V,3,V,4,V,8,V,4,V,6,V,5,V,4,V,6,V,5,V,7,V,8,V,6,V,1,V,6,V,5,V,11,V,0,N,0,N,0,N,0,N,0,N,0,N,0,N
28,079,024,10,47,02,2022,05,17,5,V,6,V,5,V,11,V,6,V,9,V,7,V,5,V,9,V,11,V,14,V,14,V,12,V,5,V,11,V,14,V,28,V,0,N,0,N,0,N,0,N,0,N,0,N,0,N
28,079,024,12,08,02,2022,05,17,10,V,11,V,6,V,14,V,11,V,11,V,10,V,15,V,34,V,30,V,11,V,4,V,3,V,3,V,3,V,3,V,3,V,0,N,0,N,0,N,0,N,0,N,0,N,0,N
28,079,024,14,06,02,2022,05,17,60,V,57,V,61,V,41,V,31,V,30,V,27,V,19,V,19,V,38,V,58,V,63,V,71,V,87,V,88,V,83,V,79,V,0,N,0,N,0,N,0,N,0,N,0,N,0,N
28,079,024,20,59,02,2022,05,17,0.2,V,0.7,V,0.7,V,0.4,V,0.6,V,0.7,V,0.4,V,0.5,V,0.6,V,0.9,V,0.8,V,0.6,V,0.2,V,0.1,V,0.2,V,0.1,V,0.1,V,0,N,0,N,0,N,0,N,0,N,0,N,0,N
28,079,024,30,59,02,2022,05,17,0.1,V,0.1,V,0.1,V,0.1,V,0.1,V,0.1,V,0.1,V,0.1,V,0.1,V,0.2,V,0.2,V,0.1,V,0.1,V,0.1,V,0.1,V,0.1,V,0.1,V,0,N,0,N,0,N,0,N,0,N,0,N,0,N
28,079,024,35,59,02,2022,05,17,0.1,V,0.1,V,0.1,V,0.1,V,0.1,V,0.1,V,0.1,V,0.1,V,0.1,V,0.4,V,0.3,V,0.1,V,0.1,V,0.1,V,0.1,V,0.1,V,0.1,V,0,N,0,N,0,N,0,N,0,N,0,N,0,N
28,079,027,07,08,02,2022,05,17,2,V,2,V,1,V,3,V,2,V,8,V,14,V,23,V,49,V,40,V,41,V,16,V,3,V,3,V,3,V,3,V,2,V,0,N,0,N,0,N,0,N,0,N,0,N,0,N
28,079,027,08,08,02,2022,05,17,31,V,48,V,34,V,23,V,31,V,45,V,50,V,47,V,64,V,56,V,62,V,31,V,9,V,8,V,9,V,9,V,8,V,0,N,0,N,0,N,0,N,0,N,0,N,0,N
28,079,027,12,08,02,2022,05,17,34,V,51,V,36,V,28,V,34,V,57,V,71,V,82,V,140,V,117,V,125,V,56,V,14,V,12,V,13,V,13,V,11,V,0,N,0,N,0,N,0,N,0,N,0,N,0,N
28,079,027,14,06,02,2022,05,17,38,V,20,V,22,V,26,V,22,V,10,V,7,V,9,V,10,V,16,V,21,V,48,V,70,V,75,V,85,V,90,V,90,V,0,N,0,N,0,N,0,N,0,N,0,N,0,N
28,079,035,01,38,02,2022,05,17,5,V,5,V,5,V,4,V,5,V,6,V,5,V,5,V,6,V,6,V,5,V,6,N,5,V,3,V,3,V,4,V,3,V,0,N,0,N,0,N,0,N,0,N,0,N,0,N
28,079,035,06,48,02,2022,05,17,0.3,V,0.3,V,0.3,V,0.3,V,0.3,V,0.3,V,0.3,V,0.3,V,0.3,V,0.4,V,0.4,V,0.3,N,0.3,V,0.3,V,0.3,V,0.3,V,0.3,V,0,N,0,N,0,N,0,N,0,N,0,N,0,N
28,079,035,07,08,02,2022,05,17,3,V,1,V,1,V,1,V,2,V,15,V,3,V,9,V,10,V,17,V,13,V,7,N,2,V,5,V,2,V,4,V,2,V,0,N,0,N,0,N,0,N,0,N,0,N,0,N
28,079,035,08,08,02,2022,05,17,15,V,18,V,13,V,19,V,28,V,36,V,29,V,33,V,38,V,44,V,36,V,14,N,10,V,13,V,9,V,11,V,8,V,0,N,0,N,0,N,0,N,0,N,0,N,0,N
28,079,035,12,08,02,2022,05,17,19,V,20,V,14,V,20,V,31,V,60,V,34,V,47,V,54,V,70,V,56,V,25,N,13,V,20,V,12,V,17,V,11,V,0,N,0,N,0,N,0,N,0,N,0,N,0,N
28,079,035,14,06,02,2022,05,17,65,V,61,V,64,V,51,V,30,V,20,V,20,V,22,V,28,V,29,V,42,V,62,V,72,V,83,V,89,V,88,V,84,V,0,N,0,N,0,N,0,N,0,N,0,N,0,N
28,079,036,01,38,02,2022,05,17,3,V,3,V,3,V,3,V,3,V,3,V,3,V,3,V,3,V,3,V,3,V,3,V,3,V,3,V,3,V,3,V,3,V,0,N,0,N,0,N,0,N,0,N,0,N,0,N
28,079,036,07,08,02,2022,05,17,1,V,1,V,1,V,1,V,1,V,1,V,3,V,15,V,11,V,21,V,31,V,6,V,2,V,3,V,3,V,2,V,2,V,0,N,0,N,0,N,0,N,0,N,0,N,0,N
28,079,036,08,08,02,2022,05,17,22,V,18,V,13,V,15,V,23,V,37,V,48,V,54,V,40,V,50,V,58,V,25,V,14,V,15,V,16,V,14,V,14,V,0,N,0,N,0,N,0,N,0,N,0,N,0,N
28,079,036,10,47,02,2022,05,17,11,V,11,V,11,V,8,V,9,V,13,V,17,V,17,V,18,V,21,V,30,V,30,V,15,V,12,V,9,V,10,V,9,V,0,N,0,N,0,N,0,N,0,N,0,N,0,N
28,079,036,12,08,02,2022,05,17,23,V,20,V,14,V,16,V,24,V,38,V,52,V,76,V,56,V,82,V,105,V,34,V,17,V,19,V,20,V,17,V,17,V,0,N,0,N,0,N,0,N,0,N,0,N,0,N
28,079,038,07,08,02,2022,05,17,10,V,4,V,1,V,1,V,2,V,3,V,6,V,8,V,18,V,19,V,14,N,8,V,13,V,4,V,3,V,4,V,4,V,0,N,0,N,0,N,0,N,0,N,0,N,0,N
28,079,038,08,08,02,2022,05,17,19,V,15,V,8,V,9,V,15,V,23,V,32,V,36,V,36,V,42,V,32,N,15,V,16,V,11,V,11,V,11,V,12,V,0,N,0,N,0,N,0,N,0,N,0,N,0,N
28,079,038,09,47,02,2022,05,17,6,V,2,V,5,V,8,V,12,V,14,V,14,V,12,V,14,V,17,V,28,V,18,V,5,V,1,V,6,V,6,V,10,V,0,N,0,N,0,N,0,N,0,N,0,N,0,N
28,079,038,10,47,02,2022,05,17,12,V,7,V,10,V,12,V,17,V,20,V,20,V,21,V,26,V,30,V,41,V,30,V,15,V,6,V,12,V,10,V,15,V,0,N,0,N,0,N,0,N,0,N,0,N,0,N
28,079,038,12,08,02,2022,05,17,34,V,21,V,9,V,11,V,18,V,28,V,41,V,48,V,63,V,72,V,53,N,27,V,35,V,16,V,16,V,16,V,18,V,0,N,0,N,0,N,0,N,0,N,0,N,0,N
28,079,038,20,59,02,2022,05,17,0.8,V,0.6,V,0.5,V,0.4,V,0.5,V,0.7,V,1.1,V,1.3,V,2.5,V,2.9,V,2.2,V,1.6,V,1.1,V,0.9,V,0.8,V,0.8,V,0.8,V,0,N,0,N,0,N,0,N,0,N,0,N,0,N
28,079,038,30,59,02,2022,05,17,0.2,V,0.2,V,0.2,V,0.1,V,0.1,V,0.2,V,0.2,V,0.3,V,0.6,V,0.7,V,0.6,V,0.5,V,0.3,V,0.2,V,0.2,V,0.2,V,0.2,V,0,N,0,N,0,N,0,N,0,N,0,N,0,N
28,079,038,35,59,02,2022,05,17,0.3,V,0.3,V,0.3,V,0.3,V,0.3,V,0.3,V,0.4,V,0.4,V,0.5,V,0.6,V,0.6,V,0.4,V,0.4,V,0.3,V,0.3,V,0.3,V,0.3,V,0,N,0,N,0,N,0,N,0,N,0,N,0,N
28,079,039,07,08,02,2022,05,17,1,V,1,V,1,V,1,V,1,V,1,V,3,V,32,V,23,V,15,V,7,V,5,V,4,V,3,V,3,V,3,V,2,V,0,N,0,N,0,N,0,N,0,N,0,N,0,N
28,079,039,08,08,02,2022,05,17,16,V,13,V,8,V,15,V,18,V,19,V,28,V,42,V,41,V,32,V,22,V,12,V,11,V,10,V,11,V,10,V,8,V,0,N,0,N,0,N,0,N,0,N,0,N,0,N
28,079,039,12,08,02,2022,05,17,17,V,15,V,9,V,16,V,20,V,21,V,33,V,91,V,76,V,55,V,34,V,19,V,16,V,15,V,16,V,15,V,12,V,0,N,0,N,0,N,0,N,0,N,0,N,0,N
28,079,039,14,06,02,2022,05,17,60,V,60,V,62,V,45,V,34,V,23,V,16,V,6,V,22,V,38,V,49,V,60,V,63,V,78,V,80,V,81,V,79,V,0,N,0,N,0,N,0,N,0,N,0,N,0,N
28,079,040,07,08,02,2022,05,17,1,V,1,V,3,V,1,V,3,V,11,V,5,V,32,V,30,V,54,V,31,V,20,V,15,V,8,V,7,V,4,V,6,V,0,N,0,N,0,N,0,N,0,N,0,N,0,N
28,079,040,08,08,02,2022,05,17,20,V,21,V,19,V,15,V,49,V,59,V,52,V,61,V,53,V,66,V,55,V,28,V,23,V,16,V,17,V,13,V,17,V,0,N,0,N,0,N,0,N,0,N,0,N,0,N
28,079,040,10,47,02,2022,05,17,10,V,13,V,13,V,14,V,13,V,19,V,23,V,21,V,26,V,31,V,35,V,29,V,19,V,19,V,20,V,6,V,13,V,0,N,0,N,0,N,0,N,0,N,0,N,0,N
28,079,040,12,08,02,2022,05,17,22,V,23,V,23,V,17,V,53,V,77,V,60,V,110,V,98,V,150,V,103,V,59,V,46,V,28,V,28,V,19,V,26,V,0,N,0,N,0,N,0,N,0,N,0,N,0,N
28,079,047,07,08,02,2022,05,17,1,V,1,V,1,V,1,V,3,V,1,V,4,V,24,V,37,V,30,V,30,V,2,V,1,V,1,V,1,V,1,V,1,V,0,N,0,N,0,N,0,N,0,N,0,N,0,N
28,079,047,08,08,02,2022,05,17,11,V,17,V,11,V,15,V,49,V,25,V,32,V,39,V,46,V,52,V,52,V,12,V,8,V,8,V,8,V,6,V,9,V,0,N,0,N,0,N,0,N,0,N,0,N,0,N
28,079,047,09,47,02,2022,05,17,3,V,5,V,6,V,4,V,8,V,7,V,6,V,3,V,8,V,12,V,8,V,8,V,4,V,13,V,16,V,6,V,8,V,0,N,0,N,0,N,0,N,0,N,0,N,0,N
28,079,047,10,47,02,2022,05,17,10,V,9,V,11,V,9,V,15,V,13,V,11,V,10,V,17,V,27,V,28,V,23,V,13,V,22,V,24,V,13,V,14,V,0,N,0,N,0,N,0,N,0,N,0,N,0,N
28,079,047,12,08,02,2022,05,17,13,V,18,V,12,V,17,V,54,V,26,V,37,V,76,V,103,V,98,V,97,V,15,V,9,V,9,V,9,V,8,V,10,V,0,N,0,N,0,N,0,N,0,N,0,N,0,N
28,079,048,07,08,02,2022,05,17,1,V,1,V,1,V,1,V,1,V,1,V,1,V,5,V,11,V,32,V,13,V,4,V,3,V,3,V,3,V,1,V,1,V,0,N,0,N,0,N,0,N,0,N,0,N,0,N
28,079,048,08,08,02,2022,05,17,17,V,17,V,14,V,16,V,15,V,27,V,35,V,33,V,36,V,48,V,33,V,17,V,16,V,17,V,16,V,13,V,13,V,0,N,0,N,0,N,0,N,0,N,0,N,0,N
28,079,048,09,47,02,2022,05,17,2,V,5,V,1,V,1,V,4,V,5,V,4,V,3,V,4,V,3,V,5,V,11,V,12,V,11,V,12,V,3,V,2,V,0,N,0,N,0,N,0,N,0,N,0,N,0,N
28,079,048,10,47,02,2022,05,17,5,V,9,V,6,V,5,V,8,V,9,V,9,V,9,V,11,V,11,V,15,V,20,V,21,V,19,V,16,V,3,V,5,V,0,N,0,N,0,N,0,N,0,N,0,N,0,N
28,079,048,12,08,02,2022,05,17,19,V,19,V,15,V,18,V,17,V,28,V,36,V,40,V,52,V,97,V,53,V,23,V,21,V,21,V,20,V,15,V,15,V,0,N,0,N,0,N,0,N,0,N,0,N,0,N
28,079,049,07,08,02,2022,05,17,1,V,1,V,1,V,1,V,1,V,1,V,1,V,3,V,5,V,9,V,13,V,1,V,1,V,1,V,1,V,1,V,1,V,0,N,0,N,0,N,0,N,0,N,0,N,0,N
28,079,049,08,08,02,2022,05,17,10,V,11,V,11,V,9,V,15,V,39,V,35,V,38,V,36,V,41,V,46,V,9,V,8,V,6,V,6,V,5,V,5,V,0,N,0,N,0,N,0,N,0,N,0,N,0,N
28,079,049,12,08,02,2022,05,17,11,V,12,V,13,V,11,V,16,V,41,V,36,V,42,V,43,V,54,V,67,V,11,V,9,V,8,V,7,V,7,V,7,V,0,N,0,N,0,N,0,N,0,N,0,N,0,N
28,079,049,14,06,02,2022,05,17,46,V,41,V,41,V,43,V,32,V,10,V,10,V,7,V,14,V,25,V,27,V,60,V,68,V,77,V,83,V,84,V,82,V,0,N,0,N,0,N,0,N,0,N,0,N,0,N
28,079,050,07,08,02,2022,05,17,2,V,3,V,2,V,2,V,3,V,3,V,2,V,21,V,35,V,25,V,18,V,12,V,9,V,7,V,6,V,6,V,5,V,0,N,0,N,0,N,0,N,0,N,0,N,0,N
28,079,050,08,08,02,2022,05,17,26,V,19,V,16,V,17,V,25,V,37,V,37,V,49,V,57,V,55,V,52,V,41,V,38,V,41,V,40,V,37,V,33,V,0,N,0,N,0,N,0,N,0,N,0,N,0,N
28,079,050,09,47,02,2022,05,17,7,V,4,V,9,V,14,V,11,V,6,V,12,V,10,V,18,V,20,V,24,V,20,V,2,V,9,V,4,V,2,V,9,V,0,N,0,N,0,N,0,N,0,N,0,N,0,N
28,079,050,10,47,02,2022,05,17,8,V,3,V,5,V,16,V,13,V,5,V,14,V,13,V,28,V,33,V,31,V,25,V,7,V,24,V,15,V,2,V,9,V,0,N,0,N,0,N,0,N,0,N,0,N,0,N
28,079,050,12,08,02,2022,05,17,30,V,23,V,19,V,21,V,30,V,41,V,40,V,81,V,111,V,94,V,80,V,60,V,53,V,52,V,49,V,45,V,40,V,0,N,0,N,0,N,0,N,0,N,0,N,0,N
28,079,054,07,08,02,2022,05,17,1,V,1,V,1,V,2,V,1,V,1,V,1,V,13,V,41,V,31,V,18,V,5,V,2,V,1,V,2,V,1,V,1,V,0,N,0,N,0,N,0,N,0,N,0,N,0,N
28,079,054,08,08,02,2022,05,17,31,V,29,V,45,V,38,V,42,V,28,V,42,V,55,V,58,V,50,V,41,V,15,V,9,V,7,V,8,V,9,V,8,V,0,N,0,N,0,N,0,N,0,N,0,N,0,N
28,079,054,12,08,02,2022,05,17,33,V,30,V,47,V,40,V,44,V,29,V,43,V,74,V,121,V,98,V,69,V,22,V,12,V,9,V,10,V,11,V,10,V,0,N,0,N,0,N,0,N,0,N,0,N,0,N
28,079,054,14,06,02,2022,05,17,42,V,40,V,24,V,28,V,24,V,33,V,21,V,11,V,14,V,22,V,33,V,57,V,67,V,67,V,75,V,81,V,81,V,0,N,0,N,0,N,0,N,0,N,0,N,0,N
28,079,055,07,08,02,2022,05,17,6,V,5,V,2,V,2,V,6,V,6,V,12,V,34,V,36,V,51,V,42,N,12,V,2,V,2,V,2,V,3,V,2,V,0,N,0,N,0,N,0,N,0,N,0,N,0,N
28,079,055,08,08,02,2022,05,17,43,V,61,V,41,V,24,V,47,V,43,V,50,V,55,V,53,V,61,V,62,N,29,V,10,V,10,V,10,V,10,V,9,V,0,N,0,N,0,N,0,N,0,N,0,N,0,N
28,079,055,10,47,02,2022,05,17,20,V,18,V,16,V,16,V,15,V,12,V,11,V,13,V,15,V,20,V,35,V,42,V,28,V,68,V,13,V,37,V,22,V,0,N,0,N,0,N,0,N,0,N,0,N,0,N
28,079,055,12,08,02,2022,05,17,52,V,68,V,44,V,27,V,56,V,53,V,69,V,106,V,108,V,139,V,127,N,47,V,14,V,14,V,12,V,15,V,11,V,0,N,0,N,0,N,0,N,0,N,0,N,0,N
28,079,056,06,48,02,2022,05,17,0.2,V,0.2,V,0.2,V,0.2,V,0.2,V,0.2,V,0.2,V,0.3,V,0.3,V,0.3,V,0.2,V,0.2,V,0.2,V,0.2,V,0.2,V,0.1,V,0.2,V,0,N,0,N,0,N,0,N,0,N,0,N,0,N
28,079,056,07,08,02,2022,05,17,7,V,6,V,5,V,5,V,4,V,7,V,9,V,17,V,30,V,29,V,20,V,8,V,6,V,12,V,6,V,4,V,6,V,0,N,0,N,0,N,0,N,0,N,0,N,0,N
28,079,056,08,08,02,2022,05,17,36,V,32,V,20,V,21,V,29,V,29,V,30,V,35,V,40,V,43,V,34,V,14,V,13,V,15,V,14,V,11,V,12,V,0,N,0,N,0,N,0,N,0,N,0,N,0,N
28,079,056,09,47,02,2022,05,17,9,V,6,V,7,V,2,V,6,V,8,V,7,V,8,V,6,V,12,V,10,V,11,V,4,V,7,V,2,V,3,V,3,V,0,N,0,N,0,N,0,N,0,N,0,N,0,N
28,079,056,10,47,02,2022,05,17,16,V,14,V,15,V,9,V,13,V,16,V,14,V,17,V,20,V,33,V,29,V,23,V,13,V,14,V,6,V,9,V,6,V,0,N,0,N,0,N,0,N,0,N,0,N,0,N
28,079,056,12,08,02,2022,05,17,47,V,42,V,27,V,28,V,36,V,39,V,43,V,60,V,86,V,87,V,65,V,26,V,22,V,33,V,23,V,17,V,21,V,0,N,0,N,0,N,0,N,0,N,0,N,0,N
28,079,057,07,08,02,2022,05,17,1,V,1,V,1,V,1,V,1,V,1,V,1,V,4,V,18,V,18,V,9,V,3,V,3,V,2,V,1,V,1,V,2,V,0,N,0,N,0,N,0,N,0,N,0,N,0,N
28,079,057,08,08,02,2022,05,17,15,V,9,V,8,V,41,V,21,V,12,V,13,V,31,V,43,V,38,V,26,V,10,V,8,V,8,V,7,V,7,V,7,V,0,N,0,N,0,N,0,N,0,N,0,N,0,N
28,079,057,09,47,02,2022,05,17,5,V,2,V,3,V,5,V,6,V,4,V,5,V,9,V,8,V,7,V,7,V,5,V,5,V,3,V,4,V,3,V,9,V,0,N,0,N,0,N,0,N,0,N,0,N,0,N
28,079,057,10,47,02,2022,05,17,9,V,6,V,7,V,9,V,10,V,8,V,8,V,12,V,14,V,15,V,17,V,14,V,11,V,8,V,9,V,25,V,150,V,0,N,0,N,0,N,0,N,0,N,0,N,0,N
28,079,057,12,08,02,2022,05,17,16,V,10,V,9,V,43,V,23,V,13,V,15,V,37,V,70,V,66,V,40,V,14,V,12,V,12,V,9,V,9,V,10,V,0,N,0,N,0,N,0,N,0,N,0,N,0,N
28,079,058,07,08,02,2022,05,17,1,V,1,V,1,V,1,V,1,V,1,V,4,V,17,V,16,V,6,V,9,V,1,V,1,V,4,N,1,V,1,V,1,V,0,N,0,N,0,N,0,N,0,N,0,N,0,N
28,079,058,08,08,02,2022,05,17,11,V,10,V,7,V,7,V,8,V,8,V,15,V,21,V,19,V,17,V,24,V,4,V,4,V,10,N,6,V,5,V,4,V,0,N,0,N,0,N,0,N,0,N,0,N,0,N
28,079,058,12,08,02,2022,05,17,12,V,12,V,9,V,8,V,9,V,10,V,22,V,48,V,44,V,26,V,37,V,6,V,6,V,16,N,8,V,6,V,6,V,0,N,0,N,0,N,0,N,0,N,0,N,0,N
28,079,058,14,06,02,2022,05,17,35,V,31,V,27,V,24,V,19,V,16,V,10,V,5,V,12,V,32,V,38,V,64,V,74,V,80,N,79,V,75,V,77,V,0,N,0,N,0,N,0,N,0,N,0,N,0,N
28,079,059,07,08,02,2022,05,17,1,V,1,V,1,V,1,V,1,V,1,V,1,V,3,V,5,V,16,V,22,V,2,V,1,V,1,V,1,V,1,V,1,V,0,N,0,N,0,N,0,N,0,N,0,N,0,N
28,079,059,08,08,02,2022,05,17,11,V,12,V,16,V,24,V,13,V,10,V,17,V,25,V,20,V,31,V,42,V,13,V,7,V,6,V,5,V,4,V,4,V,0,N,0,N,0,N,0,N,0,N,0,N,0,N
28,079,059,12,08,02,2022,05,17,13,V,13,V,17,V,25,V,14,V,11,V,19,V,29,V,28,V,55,V,76,V,16,V,9,V,8,V,6,V,6,V,6,V,0,N,0,N,0,N,0,N,0,N,0,N,0,N
28,079,059,14,06,02,2022,05,17,58,V,48,V,41,V,28,V,37,V,38,V,29,V,22,V,27,V,24,V,24,V,52,V,65,V,74,V,84,V,86,V,84,V,0,N,0,N,0,N,0,N,0,N,0,N,0,N
28,079,060,07,08,02,2022,05,17,1,V,1,V,1,V,1,V,1,V,1,V,1,V,13,V,9,V,9,V,4,V,1,V,1,V,1,V,2,V,1,V,1,V,0,N,0,N,0,N,0,N,0,N,0,N,0,N
28,079,060,08,08,02,2022,05,17,15,V,13,V,12,V,15,V,38,V,24,V,27,V,44,V,37,V,35,V,27,V,13,V,12,V,11,V,11,V,11,V,12,V,0,N,0,N,0,N,0,N,0,N,0,N,0,N
28,079,060,10,47,02,2022,05,17,9,V,9,V,7,V,11,V,9,V,8,V,11,V,20,V,20,V,19,V,17,V,15,V,8,V,3,V,5,V,7,V,6,V,0,N,0,N,0,N,0,N,0,N,0,N,0,N
28,079,060,12,08,02,2022,05,17,17,V,14,V,13,V,16,V,40,V,26,V,29,V,65,V,52,V,48,V,33,V,15,V,14,V,13,V,14,V,13,V,14,V,0,N,0,N,0,N,0,N,0,N,0,N,0,N
28,079,060,14,06,02,2022,05,17,61,V,64,V,62,V,51,V,19,V,34,V,28,V,12,V,28,V,34,V,46,V,61,V,65,V,82,V,85,M,82,M,80,M,0,N,0,N,0,N,0,N,0,N,0,N,0,N
